{"g_loss": 5.133608818054199, "d_loss": 0.05159663551603444, "_timestamp": 1702846832.8188078, "_runtime": 193.98086094856262, "_step": 1962}